lead_id,rank,priority_band,opportunity_id,segment_name,inferred_role,pain_signal,evidence_url,fit_status,primary_channel,status,assumptions_count
opp_006-lead-001,1,A1,opp_006,Spreadsheet/PDF workflow fragility,SMB老板/财务负责人,Why does salesforce ERP integration feel so painful?,https://www.reddit.com/r/smallbusiness/comments/1n4xwcx/why_does_salesforce_erp_integration_feel_so/,qualified,email_nurture,queued,3
opp_006-lead-002,2,A1,opp_006,Spreadsheet/PDF workflow fragility,电商老板/运营负责人,Unpopular opinion: Beautiful catalogs are overrated. Accurate ones are what sell.,https://www.reddit.com/r/ecommerce/comments/1r4g2qd/unpopular_opinion_beautiful_catalogs_are/,low_fit,email_nurture,needs_review,4
opp_006-lead-003,3,A1,opp_006,Spreadsheet/PDF workflow fragility,电商老板/运营负责人,How do you plan on handling returns during BF/CM at scale?,https://www.reddit.com/r/ecommerce/comments/1ookg2e/how_do_you_plan_on_handling_returns_during_bfcm/,low_fit,email_nurture,needs_review,4
opp_006-lead-004,4,A1,opp_006,Spreadsheet/PDF workflow fragility,SMB老板/财务负责人,Salesforce launches Free Suite - A forever free CRM for small businesses (competing with HubS...,https://www.reddit.com/r/smallbusiness/comments/1ozanf1/salesforce_launches_free_suite_a_forever_free_crm/,qualified,email_nurture,queued,3
opp_006-lead-005,5,A1,opp_006,Spreadsheet/PDF workflow fragility,SMB老板/财务负责人,What's the most terrifyingly outdated piece of tech/process holding a serious business togeth...,https://www.reddit.com/r/smallbusiness/comments/1k6282k/whats_the_most_terrifyingly_outdated_piece_of/,qualified,email_nurture,queued,3
opp_006-lead-006,6,A1,opp_006,Spreadsheet/PDF workflow fragility,SMB老板/财务负责人,How do you guys handle data entry from PDFs/Invoices without going crazy?,https://www.reddit.com/r/smallbusiness/comments/1p2of5v/how_do_you_guys_handle_data_entry_from/,qualified,email_nurture,queued,3
opp_006-lead-007,7,A1,opp_006,Spreadsheet/PDF workflow fragility,电商老板/运营负责人,"E-commerce Industry News Recap 🔥 Week of Aug 25th, 2025",https://www.reddit.com/r/ecommerce/comments/1n01foq/ecommerce_industry_news_recap_week_of_aug_25th/,low_fit,email_nurture,needs_review,4
opp_006-lead-008,8,A2,opp_006,Spreadsheet/PDF workflow fragility,SMB老板/财务负责人,wife's opening her second location next month and realized she have zero systems that work ac...,https://www.reddit.com/r/smallbusiness/comments/1rfak4c/wifes_opening_her_second_location_next_month_and/,qualified,email_nurture,queued,3
opp_006-lead-009,9,A2,opp_006,Spreadsheet/PDF workflow fragility,SMB老板/财务负责人,How do you choose between different business process automation platforms .,https://www.reddit.com/r/smallbusiness/comments/1r8rjcv/how_do_you_choose_between_different_business/,low_fit,email_nurture,needs_review,4
opp_006-lead-010,10,A2,opp_006,Spreadsheet/PDF workflow fragility,物业管理负责人,Help With Resume Please,https://www.reddit.com/r/PropertyManagement/comments/1poxm9p/help_with_resume_please/,low_fit,email_nurture,needs_review,4
opp_006-lead-011,11,A2,opp_006,Spreadsheet/PDF workflow fragility,SMB老板/财务负责人,What’s the best way to handle scheduling when you’re not always by the phone?,https://www.reddit.com/r/smallbusiness/comments/1jyoodg/whats_the_best_way_to_handle_scheduling_when/,low_fit,email_nurture,needs_review,4
opp_006-lead-012,12,A2,opp_006,Spreadsheet/PDF workflow fragility,SMB老板/财务负责人,Inventory Management Software for Very Small Business,https://www.reddit.com/r/smallbusiness/comments/1qhn7ea/inventory_management_software_for_very_small/,qualified,email_nurture,queued,3
opp_006-lead-013,13,A2,opp_006,Spreadsheet/PDF workflow fragility,SMB老板/财务负责人,"I automated part of my current full time job, now I'm thinking i want to do this as a business",https://www.reddit.com/r/smallbusiness/comments/1lr5rab/i_automated_part_of_my_current_full_time_job_now/,low_fit,email_nurture,needs_review,4
opp_006-lead-014,14,A2,opp_006,Spreadsheet/PDF workflow fragility,SMB老板/财务负责人,Reporting/bookkeeping,https://www.reddit.com/r/smallbusiness/comments/1r09vdc/reportingbookkeeping/,qualified,email_nurture,queued,3
opp_006-lead-015,15,B1,opp_006,Spreadsheet/PDF workflow fragility,SMB老板/财务负责人,Best salon commission tracking software to end payroll disputes,https://www.reddit.com/r/smallbusiness/comments/1ovygtx/best_salon_commission_tracking_software_to_end/,qualified,email_nurture,queued,3
opp_006-lead-016,16,B1,opp_006,Spreadsheet/PDF workflow fragility,SMB老板/财务负责人,I've just gotten sucker-punched by 2 Excel quotation mishaps in a row,https://www.reddit.com/r/smallbusiness/comments/1qga1v1/ive_just_gotten_suckerpunched_by_2_excel/,qualified,email_nurture,queued,3
opp_006-lead-017,17,B1,opp_006,Spreadsheet/PDF workflow fragility,SMB老板/财务负责人,CRM Systems: When You Actually Need One vs When You Think You Do,https://www.reddit.com/r/smallbusiness/comments/1nhfusa/crm_systems_when_you_actually_need_one_vs_when/,low_fit,email_nurture,needs_review,4
opp_006-lead-018,18,B1,opp_006,Spreadsheet/PDF workflow fragility,SMB老板/财务负责人,Numbers making sense? Looking for opinions ...,https://www.reddit.com/r/smallbusiness/comments/1nho95n/numbers_making_sense_looking_for_opinions/,qualified,email_nurture,queued,3
opp_006-lead-019,19,B1,opp_006,Spreadsheet/PDF workflow fragility,SMB老板/财务负责人,How do you verify changes when clients send revised Excel/CSV files?,https://www.reddit.com/r/smallbusiness/comments/1qgulif/how_do_you_verify_changes_when_clients_send/,qualified,email_nurture,queued,3
opp_006-lead-020,20,B1,opp_006,Spreadsheet/PDF workflow fragility,SMB老板/财务负责人,Small Built to order manufacturing company looking for new accounting software,https://www.reddit.com/r/smallbusiness/comments/1qqf6nk/small_built_to_order_manufacturing_company/,qualified,email_nurture,queued,3
